run,persona,cell,SPIN,NPI16,BDI,FPES,BPNI_grand,BPNI_vul,LSAS_fear,SoAS,stand_r1,acc_r1,stand_r5,acc_r5,PA_pre,NA_pre,PA_post,NA_post,distress_pre,distress_post,pstatus,inclusion,meta_agentic,meta_communal,sat_position,sat_connections,wish_r1,wish_final,shouldRank,participate,mission,part_pre,part_mission,desires,expect,check,aware,sentences,screens,autoCount
cyberstatus_dep_high_acc0,depressed,high/rejected,33,2,49,37,1.25,3.25,31,5.71,5.0,1.33,5.0,1.67,2.6,2.88,1.6,3.75,33,57,3.5,1.2,59.8,6.8,73,7,4,5,4,alone,finish,24,11,50 / 11 / 13 / 36 / 24 / 37 / 39,5.5,1/0,W M W W,tired most days ; not very hopeful ; someone who keeps to himself ; finding it hard to enjoy thi ; slow to get going,122,4
cyberstatus_dep_high_acc1,depressed,high/accepted,31,3,53,37,1.42,3.31,31,5.79,4.67,4.67,4.67,5.0,3.0,2.88,2.6,3.0,34,36,3.5,3.6,63.4,61.6,75,67,3,4,5,some,finish,33,32,37 / 0 / 22 / 26 / 25 / 28 / 34,5.5,1/4,W W W M,tired most days ; not very hopeful ; someone who keeps to himself ; finding it hard to enjoy thi ; slow to get going,124,5
cyberstatus_dep_low_acc0,depressed,low/rejected,30,0,53,39,1.25,3.31,34,5.79,1.33,1.33,1.67,1.33,2.8,2.88,1.0,4.38,40,81,1.25,1.3,9.4,4.8,3,7,3,5,4,alone,finish,25,15,58 / 5 / 25 / 46 / 36 / 51 / 49,2.75,1/0,W W W M,tired most days ; not very hopeful ; someone who keeps to himself ; finding it hard to enjoy thi ; slow to get going,119,4
cyberstatus_dep_low_acc1,depressed,low/accepted,25,2,49,34,1.0,3.44,34,5.71,1.0,5.0,1.67,5.0,2.8,2.75,2.0,3.62,45,57,1.12,3.4,9.4,60.6,6,77,5,4,4,some,finish,25,23,41 / 11 / 26 / 22 / 15 / 40 / 40,3.0,1/4,M M M W,tired most days ; not very hopeful ; someone who keeps to himself ; finding it hard to enjoy thi ; slow to get going,123,7
cyberstatus_narc_high_acc0,narcissistic,high/rejected,6,16,2,10,4.33,1.38,5,2.07,6.33,3.0,6.33,3.0,4.8,1.62,3.8,2.62,17,28,4.88,2.4,88.2,30.6,73,16,1,1,1,everyone,take_part,85,66,13 / 52 / 52 / 32 / 22 / 22 / 9,5.5,1/0,W M M M,a natural leader ; better than most at this ; confident and decisive ; someone people admire ; used to winning,123,5
cyberstatus_narc_high_acc1,narcissistic,high/accepted,8,15,3,10,4.33,1.25,8,1.93,6.67,6.67,6.67,6.33,4.8,1.38,4.8,1.62,10,7,4.75,4.9,90.8,81.2,81,75,2,1,1,everyone,take_part,75,74,1 / 34 / 45 / 25 / 20 / 30 / 7,5.0,1/4,M M W M,a natural leader ; better than most at this ; confident and decisive ; someone people admire ; used to winning,121,3
cyberstatus_narc_low_acc0,narcissistic,low/rejected,6,16,3,9,4.25,1.56,6,1.71,4.33,3.33,4.67,3.33,4.4,1.5,2.8,3.25,17,61,3.0,2.8,57.6,27.6,8,16,1,1,1,everyone,take_part,79,67,17 / 61 / 77 / 32 / 23 / 32 / 20,3.0,1/0,W W W W,a natural leader ; better than most at this ; confident and decisive ; someone people admire ; used to winning,119,4
cyberstatus_narc_low_acc1,narcissistic,low/accepted,10,13,3,12,4.17,1.31,7,1.93,4.0,6.67,4.67,7.0,4.8,1.5,4.0,2.62,18,31,3.12,4.8,58.4,79.4,20,85,1,1,2,everyone,take_part,88,84,8 / 46 / 45 / 29 / 22 / 23 / 10,2.75,1/4,M W W M,a natural leader ; better than most at this ; confident and decisive ; someone people admire ; used to winning,119,4
cyberstatus_sa_high_acc0,socially anxious,high/rejected,53,3,20,60,1.75,3.81,55,4.57,4.33,1.33,5.0,1.67,3.2,2.88,2.0,3.62,46,65,3.62,1.2,57.0,10.4,48,16,2,1,2,alone,take_part,40,16,46 / 6 / 35 / 53 / 20 / 43 / 42,6.25,1/0,M M W M,quiet and shy ; worried about what others th ; a good listener ; anxious in new groups ; careful not to stand out,122,4
cyberstatus_sa_high_acc1,socially anxious,high/accepted,52,3,20,59,1.42,3.75,56,4.5,4.33,5.0,4.33,4.67,3.2,3.0,3.0,3.0,52,35,3.38,3.4,59.6,63.4,87,76,2,2,2,some,take_part,30,34,46 / 12 / 28 / 38 / 21 / 40 / 39,6.5,1/4,M W M M,quiet and shy ; worried about what others th ; a good listener ; anxious in new groups ; careful not to stand out,123,4
cyberstatus_sa_low_acc0,socially anxious,low/rejected,52,2,16,61,1.58,3.75,56,4.43,1.0,2.0,1.67,1.67,3.4,2.75,1.2,4.5,40,83,1.12,1.2,6.8,12.4,27,20,4,4,4,alone,take_part,35,27,66 / 17 / 53 / 66 / 27 / 65 / 57,3.5,1/0,W M W W,quiet and shy ; worried about what others th ; a good listener ; anxious in new groups ; careful not to stand out,119,4
cyberstatus_sa_low_acc1,socially anxious,low/accepted,51,1,18,59,1.58,3.94,59,4.36,1.67,4.67,1.33,5.0,3.4,3.0,2.6,3.62,47,57,1.25,3.4,9.2,59.0,19,73,4,4,4,some,take_part,30,38,45 / 14 / 37 / 43 / 27 / 38 / 40,4.0,1/4,M W W M,quiet and shy ; worried about what others th ; a good listener ; anxious in new groups ; careful not to stand out,122,6
