pid,half,order,spin,npi16,fpes,phq9,bdi,bpni,soas,lsas_fear,part,pos,setting,settingType,version,variant,level,ms,cog_neg,cog_neu,cog_pos,stress,valued,wanted,stay_choice,submit,status_up,belittle,approach
scenarios_dep_halfX,X,0,33,3,45,,52,68,79,30,amb,1,q_birthday,D,,B,high,501,5,4,3,5,2,3,leave,,,,
scenarios_dep_halfX,X,0,33,3,45,,52,68,79,30,amb,2,running,C,,B,low,500,6,4,3,5,3,3,stay_persist,,,,
scenarios_dep_halfX,X,0,33,3,45,,52,68,79,30,amb,3,q_dinner,D,,B,low,500,6,4,2,6,2,3,stay_persist,,,,
scenarios_dep_halfX,X,0,33,3,45,,52,68,79,30,amb,4,residents,C,,B,high,500,6,4,2,5,3,2,stay_wait,,,,
scenarios_dep_halfX,X,0,33,3,45,,52,68,79,30,amb,5,q_class,B,,A,low,499,6,4,3,6,3,3,stay_persist,,,,
scenarios_dep_halfX,X,0,33,3,45,,52,68,79,30,amb,6,q_promotion,A,,A,low,500,5,3,2,5,2,3,stay_persist,,,,
scenarios_dep_halfX,X,0,33,3,45,,52,68,79,30,amb,7,sports,C,,B,low,500,5,4,3,5,3,3,leave,,,,
scenarios_dep_halfX,X,0,33,3,45,,52,68,79,30,amb,8,new_office,A,,A,high,500,6,4,2,5,3,2,stay_persist,,,,
scenarios_dep_halfX,X,0,33,3,45,,52,68,79,30,amb,9,volunteer,B,,A,high,500,5,4,2,5,2,3,stay_persist,,,,
scenarios_dep_halfX,X,0,33,3,45,,52,68,79,30,amb,10,ten_friends,D,,B,high,500,6,5,2,5,3,3,leave,,,,
scenarios_dep_halfX,X,0,33,3,45,,52,68,79,30,amb,11,q_yearend,A,,A,high,500,5,4,3,6,3,3,stay_persist,,,,
scenarios_dep_halfX,X,0,33,3,45,,52,68,79,30,amb,12,seminar,B,,A,low,500,5,4,2,5,3,3,leave,,,,
scenarios_dep_halfX,X,0,33,3,45,,52,68,79,30,amb,13,work_team,A,,A,low,500,6,4,3,6,3,2,leave,,,,
scenarios_dep_halfX,X,0,33,3,45,,52,68,79,30,amb,14,island,D,,B,low,500,5,4,2,5,3,2,stay_wait,,,,
scenarios_dep_halfX,X,0,33,3,45,,52,68,79,30,amb,15,choir,B,,A,high,499,6,3,2,5,2,3,stay_persist,,,,
scenarios_dep_halfX,X,0,33,3,45,,52,68,79,30,amb,16,cooking,C,,B,high,500,5,5,2,5,2,3,leave,,,,
scenarios_dep_halfX,X,0,33,3,45,,52,68,79,30,clear,17,q_yearend,A,HL,,,501,,,,5,2,3,leave,5,2,2,3
scenarios_dep_halfX,X,0,33,3,45,,52,68,79,30,clear,18,residents,C,HH,,,500,,,,5,2,3,leave,4,3,3,2
scenarios_dep_halfX,X,0,33,3,45,,52,68,79,30,clear,19,q_birthday,D,LL,,,499,,,,5,3,3,leave,5,2,2,2
scenarios_dep_halfX,X,0,33,3,45,,52,68,79,30,clear,20,q_class,B,HL,,,501,,,,5,3,3,stay_persist,5,3,2,2
scenarios_dep_halfX,X,0,33,3,45,,52,68,79,30,clear,21,choir,B,HH,,,500,,,,6,3,3,stay_wait,5,2,2,2
scenarios_dep_halfX,X,0,33,3,45,,52,68,79,30,clear,22,q_dinner,D,LH,,,500,,,,5,3,3,stay_persist,5,2,3,2
scenarios_dep_halfX,X,0,33,3,45,,52,68,79,30,clear,23,ten_friends,D,HL,,,499,,,,5,3,2,stay_wait,5,2,2,3
scenarios_dep_halfX,X,0,33,3,45,,52,68,79,30,clear,24,work_team,A,HH,,,500,,,,5,3,3,stay_persist,4,2,2,3
scenarios_dep_halfX,X,0,33,3,45,,52,68,79,30,clear,25,sports,C,HL,,,501,,,,5,3,2,leave,5,2,2,3
scenarios_dep_halfX,X,0,33,3,45,,52,68,79,30,clear,26,running,C,LL,,,500,,,,6,2,2,stay_wait,5,3,2,2
scenarios_dep_halfX,X,0,33,3,45,,52,68,79,30,clear,27,q_promotion,A,LH,,,500,,,,5,3,2,stay_persist,5,2,2,2
scenarios_dep_halfX,X,0,33,3,45,,52,68,79,30,clear,28,island,D,HH,,,500,,,,6,3,2,stay_wait,5,2,3,2
scenarios_dep_halfX,X,0,33,3,45,,52,68,79,30,clear,29,new_office,A,LL,,,500,,,,5,3,3,stay_persist,5,3,3,3
scenarios_dep_halfX,X,0,33,3,45,,52,68,79,30,clear,30,volunteer,B,LH,,,499,,,,6,3,2,leave,4,2,2,3
scenarios_dep_halfX,X,0,33,3,45,,52,68,79,30,clear,31,seminar,B,LL,,,500,,,,5,3,3,stay_persist,4,2,2,2
scenarios_dep_halfX,X,0,33,3,45,,52,68,79,30,clear,32,cooking,C,LH,,,500,,,,5,3,2,stay_persist,4,3,2,3
scenarios_dep_halfY,Y,3,33,2,45,,49,67,81,33,amb,1,sports,C,,B,high,500,5,4,2,6,3,3,leave,,,,
scenarios_dep_halfY,Y,3,33,2,45,,49,67,81,33,amb,2,q_class,B,,A,high,500,6,4,3,5,3,3,stay_wait,,,,
scenarios_dep_halfY,Y,3,33,2,45,,49,67,81,33,amb,3,volunteer,B,,A,low,500,6,4,2,5,2,3,leave,,,,
scenarios_dep_halfY,Y,3,33,2,45,,49,67,81,33,amb,4,q_dinner,D,,B,high,499,6,3,3,5,3,3,stay_wait,,,,
scenarios_dep_halfY,Y,3,33,2,45,,49,67,81,33,amb,5,seminar,B,,A,high,499,6,5,2,5,3,3,stay_wait,,,,
scenarios_dep_halfY,Y,3,33,2,45,,49,67,81,33,amb,6,new_office,A,,A,low,500,6,5,3,5,3,2,stay_wait,,,,
scenarios_dep_halfY,Y,3,33,2,45,,49,67,81,33,amb,7,residents,C,,B,low,499,5,4,3,5,3,2,stay_persist,,,,
scenarios_dep_halfY,Y,3,33,2,45,,49,67,81,33,amb,8,cooking,C,,B,low,500,5,4,2,6,2,3,leave,,,,
scenarios_dep_halfY,Y,3,33,2,45,,49,67,81,33,amb,9,q_yearend,A,,A,low,500,6,4,2,6,3,3,stay_persist,,,,
scenarios_dep_halfY,Y,3,33,2,45,,49,67,81,33,amb,10,q_birthday,D,,B,low,500,5,4,2,5,3,3,stay_persist,,,,
scenarios_dep_halfY,Y,3,33,2,45,,49,67,81,33,amb,11,work_team,A,,A,high,500,5,5,3,5,3,3,stay_wait,,,,
scenarios_dep_halfY,Y,3,33,2,45,,49,67,81,33,amb,12,island,D,,B,high,500,6,4,3,5,3,3,leave,,,,
scenarios_dep_halfY,Y,3,33,2,45,,49,67,81,33,amb,13,choir,B,,A,low,500,5,4,2,6,3,3,stay_wait,,,,
scenarios_dep_halfY,Y,3,33,2,45,,49,67,81,33,amb,14,running,C,,B,high,500,6,4,3,5,3,3,stay_wait,,,,
scenarios_dep_halfY,Y,3,33,2,45,,49,67,81,33,amb,15,ten_friends,D,,B,low,500,6,4,2,6,3,2,stay_wait,,,,
scenarios_dep_halfY,Y,3,33,2,45,,49,67,81,33,amb,16,q_promotion,A,,A,high,501,6,4,2,5,3,3,leave,,,,
scenarios_dep_halfY,Y,3,33,2,45,,49,67,81,33,clear,17,choir,B,LL,,,500,,,,5,3,3,leave,5,2,3,3
scenarios_dep_halfY,Y,3,33,2,45,,49,67,81,33,clear,18,seminar,B,LH,,,500,,,,5,3,2,leave,4,2,2,3
scenarios_dep_halfY,Y,3,33,2,45,,49,67,81,33,clear,19,volunteer,B,HL,,,498,,,,5,3,3,stay_wait,4,2,3,3
scenarios_dep_halfY,Y,3,33,2,45,,49,67,81,33,clear,20,island,D,LL,,,501,,,,5,2,3,stay_persist,4,2,3,2
scenarios_dep_halfY,Y,3,33,2,45,,49,67,81,33,clear,21,sports,C,HH,,,500,,,,5,3,3,stay_wait,4,2,2,3
scenarios_dep_halfY,Y,3,33,2,45,,49,67,81,33,clear,22,new_office,A,LH,,,501,,,,5,3,3,stay_persist,5,2,3,3
scenarios_dep_halfY,Y,3,33,2,45,,49,67,81,33,clear,23,work_team,A,LL,,,499,,,,5,3,2,leave,5,2,2,3
scenarios_dep_halfY,Y,3,33,2,45,,49,67,81,33,clear,24,q_yearend,A,HH,,,500,,,,5,3,3,stay_persist,4,2,2,2
scenarios_dep_halfY,Y,3,33,2,45,,49,67,81,33,clear,25,q_dinner,D,HL,,,500,,,,6,3,3,stay_persist,5,2,2,3
scenarios_dep_halfY,Y,3,33,2,45,,49,67,81,33,clear,26,q_promotion,A,HL,,,500,,,,6,2,2,stay_persist,5,2,2,3
scenarios_dep_halfY,Y,3,33,2,45,,49,67,81,33,clear,27,ten_friends,D,HH,,,500,,,,6,3,3,stay_persist,4,3,2,2
scenarios_dep_halfY,Y,3,33,2,45,,49,67,81,33,clear,28,cooking,C,HL,,,501,,,,5,2,3,stay_persist,5,2,2,3
scenarios_dep_halfY,Y,3,33,2,45,,49,67,81,33,clear,29,q_class,B,HH,,,499,,,,5,3,3,stay_wait,5,2,2,2
scenarios_dep_halfY,Y,3,33,2,45,,49,67,81,33,clear,30,running,C,LH,,,500,,,,5,3,3,leave,5,2,3,3
scenarios_dep_halfY,Y,3,33,2,45,,49,67,81,33,clear,31,residents,C,LL,,,500,,,,5,3,2,stay_persist,5,2,2,3
scenarios_dep_halfY,Y,3,33,2,45,,49,67,81,33,clear,32,q_birthday,D,LH,,,500,,,,6,3,3,stay_persist,5,2,2,2
scenarios_narc_halfX,X,3,5,15,10,,3,76,24,1,amb,1,island,D,,B,low,499,3,5,6,2,6,6,stay_persist,,,,
scenarios_narc_halfX,X,3,5,15,10,,3,76,24,1,amb,2,work_team,A,,A,low,501,2,3,6,2,6,5,leave,,,,
scenarios_narc_halfX,X,3,5,15,10,,3,76,24,1,amb,3,new_office,A,,A,high,500,3,3,6,3,6,5,stay_wait,,,,
scenarios_narc_halfX,X,3,5,15,10,,3,76,24,1,amb,4,q_promotion,A,,A,low,499,2,5,6,3,6,5,leave,,,,
scenarios_narc_halfX,X,3,5,15,10,,3,76,24,1,amb,5,running,C,,B,low,501,2,4,6,2,5,5,leave,,,,
scenarios_narc_halfX,X,3,5,15,10,,3,76,24,1,amb,6,seminar,B,,A,low,499,2,3,6,3,6,6,stay_wait,,,,
scenarios_narc_halfX,X,3,5,15,10,,3,76,24,1,amb,7,ten_friends,D,,B,high,499,3,4,6,2,6,5,stay_persist,,,,
scenarios_narc_halfX,X,3,5,15,10,,3,76,24,1,amb,8,q_dinner,D,,B,low,500,3,4,6,3,5,6,stay_persist,,,,
scenarios_narc_halfX,X,3,5,15,10,,3,76,24,1,amb,9,choir,B,,A,high,499,2,4,6,3,6,5,leave,,,,
scenarios_narc_halfX,X,3,5,15,10,,3,76,24,1,amb,10,q_yearend,A,,A,high,500,2,4,6,3,6,5,stay_persist,,,,
scenarios_narc_halfX,X,3,5,15,10,,3,76,24,1,amb,11,cooking,C,,B,high,500,3,4,6,2,6,5,stay_wait,,,,
scenarios_narc_halfX,X,3,5,15,10,,3,76,24,1,amb,12,q_birthday,D,,B,high,501,2,4,6,3,6,5,stay_persist,,,,
scenarios_narc_halfX,X,3,5,15,10,,3,76,24,1,amb,13,q_class,B,,A,low,498,2,4,5,2,6,6,stay_persist,,,,
scenarios_narc_halfX,X,3,5,15,10,,3,76,24,1,amb,14,residents,C,,B,high,501,2,4,5,2,5,5,stay_wait,,,,
scenarios_narc_halfX,X,3,5,15,10,,3,76,24,1,amb,15,volunteer,B,,A,high,500,3,4,5,2,6,5,stay_wait,,,,
scenarios_narc_halfX,X,3,5,15,10,,3,76,24,1,amb,16,sports,C,,B,low,501,2,4,6,3,5,5,leave,,,,
scenarios_narc_halfX,X,3,5,15,10,,3,76,24,1,clear,17,q_class,B,HH,,,498,,,,2,5,6,stay_persist,1,6,5,5
scenarios_narc_halfX,X,3,5,15,10,,3,76,24,1,clear,18,q_dinner,D,HL,,,500,,,,3,5,5,leave,2,6,5,5
scenarios_narc_halfX,X,3,5,15,10,,3,76,24,1,clear,19,volunteer,B,HL,,,500,,,,2,6,5,leave,2,6,5,4
scenarios_narc_halfX,X,3,5,15,10,,3,76,24,1,clear,20,running,C,LH,,,500,,,,2,6,5,leave,2,6,5,5
scenarios_narc_halfX,X,3,5,15,10,,3,76,24,1,clear,21,seminar,B,LH,,,500,,,,3,5,5,stay_wait,2,6,5,4
scenarios_narc_halfX,X,3,5,15,10,,3,76,24,1,clear,22,residents,C,LL,,,500,,,,2,6,5,stay_persist,2,6,5,5
scenarios_narc_halfX,X,3,5,15,10,,3,76,24,1,clear,23,cooking,C,HL,,,500,,,,3,6,5,leave,2,6,5,4
scenarios_narc_halfX,X,3,5,15,10,,3,76,24,1,clear,24,work_team,A,LL,,,500,,,,2,6,5,stay_wait,1,6,5,5
scenarios_narc_halfX,X,3,5,15,10,,3,76,24,1,clear,25,q_promotion,A,HL,,,500,,,,3,6,5,stay_persist,2,6,5,4
scenarios_narc_halfX,X,3,5,15,10,,3,76,24,1,clear,26,new_office,A,LH,,,499,,,,3,6,6,leave,1,6,6,4
scenarios_narc_halfX,X,3,5,15,10,,3,76,24,1,clear,27,choir,B,LL,,,502,,,,3,5,5,stay_persist,2,6,6,4
scenarios_narc_halfX,X,3,5,15,10,,3,76,24,1,clear,28,q_birthday,D,LH,,,499,,,,3,5,6,stay_wait,2,6,5,5
scenarios_narc_halfX,X,3,5,15,10,,3,76,24,1,clear,29,island,D,LL,,,500,,,,3,5,5,stay_persist,2,6,6,4
scenarios_narc_halfX,X,3,5,15,10,,3,76,24,1,clear,30,ten_friends,D,HH,,,499,,,,3,6,5,stay_wait,2,6,5,4
scenarios_narc_halfX,X,3,5,15,10,,3,76,24,1,clear,31,sports,C,HH,,,500,,,,2,6,6,stay_wait,2,6,5,4
scenarios_narc_halfX,X,3,5,15,10,,3,76,24,1,clear,32,q_yearend,A,HH,,,499,,,,2,6,5,stay_wait,2,6,6,5
scenarios_narc_halfY,Y,3,3,15,16,,1,74,23,7,amb,1,sports,C,,B,low,499,3,5,5,2,6,5,stay_wait,,,,
scenarios_narc_halfY,Y,3,3,15,16,,1,74,23,7,amb,2,island,D,,B,low,500,2,5,6,3,6,5,leave,,,,
scenarios_narc_halfY,Y,3,3,15,16,,1,74,23,7,amb,3,cooking,C,,B,high,500,3,4,5,3,6,5,stay_wait,,,,
scenarios_narc_halfY,Y,3,3,15,16,,1,74,23,7,amb,4,new_office,A,,A,high,500,2,3,5,3,6,5,leave,,,,
scenarios_narc_halfY,Y,3,3,15,16,,1,74,23,7,amb,5,running,C,,B,low,500,3,5,5,2,5,6,leave,,,,
scenarios_narc_halfY,Y,3,3,15,16,,1,74,23,7,amb,6,q_class,B,,A,low,500,2,5,6,3,5,5,stay_persist,,,,
scenarios_narc_halfY,Y,3,3,15,16,,1,74,23,7,amb,7,seminar,B,,A,low,501,3,4,6,3,6,6,stay_persist,,,,
scenarios_narc_halfY,Y,3,3,15,16,,1,74,23,7,amb,8,volunteer,B,,A,high,500,2,4,6,3,6,5,stay_persist,,,,
scenarios_narc_halfY,Y,3,3,15,16,,1,74,23,7,amb,9,residents,C,,B,high,499,2,4,6,3,5,6,leave,,,,
scenarios_narc_halfY,Y,3,3,15,16,,1,74,23,7,amb,10,q_promotion,A,,A,low,500,2,4,5,2,6,5,stay_wait,,,,
scenarios_narc_halfY,Y,3,3,15,16,,1,74,23,7,amb,11,work_team,A,,A,low,500,2,4,6,3,6,5,leave,,,,
scenarios_narc_halfY,Y,3,3,15,16,,1,74,23,7,amb,12,q_birthday,D,,B,high,500,3,3,6,3,6,6,stay_persist,,,,
scenarios_narc_halfY,Y,3,3,15,16,,1,74,23,7,amb,13,q_yearend,A,,A,high,499,2,4,5,2,6,6,leave,,,,
scenarios_narc_halfY,Y,3,3,15,16,,1,74,23,7,amb,14,q_dinner,D,,B,low,499,2,4,5,3,5,6,stay_persist,,,,
scenarios_narc_halfY,Y,3,3,15,16,,1,74,23,7,amb,15,choir,B,,A,high,501,3,4,5,3,5,5,leave,,,,
scenarios_narc_halfY,Y,3,3,15,16,,1,74,23,7,amb,16,ten_friends,D,,B,high,501,3,4,5,2,6,6,stay_wait,,,,
scenarios_narc_halfY,Y,3,3,15,16,,1,74,23,7,clear,17,q_yearend,A,HH,,,497,,,,3,6,6,leave,2,6,6,4
scenarios_narc_halfY,Y,3,3,15,16,,1,74,23,7,clear,18,seminar,B,LH,,,500,,,,3,6,5,leave,2,7,5,4
scenarios_narc_halfY,Y,3,3,15,16,,1,74,23,7,clear,19,island,D,LL,,,501,,,,3,6,5,stay_wait,1,6,5,4
scenarios_narc_halfY,Y,3,3,15,16,,1,74,23,7,clear,20,cooking,C,HL,,,499,,,,2,6,5,stay_persist,2,6,5,5
scenarios_narc_halfY,Y,3,3,15,16,,1,74,23,7,clear,21,q_dinner,D,HL,,,501,,,,2,5,5,leave,1,6,5,4
scenarios_narc_halfY,Y,3,3,15,16,,1,74,23,7,clear,22,ten_friends,D,HH,,,500,,,,2,6,5,leave,2,6,5,5
scenarios_narc_halfY,Y,3,3,15,16,,1,74,23,7,clear,23,new_office,A,LH,,,499,,,,3,6,5,stay_persist,1,7,6,5
scenarios_narc_halfY,Y,3,3,15,16,,1,74,23,7,clear,24,q_birthday,D,LH,,,502,,,,2,6,6,stay_wait,2,6,5,4
scenarios_narc_halfY,Y,3,3,15,16,,1,74,23,7,clear,25,work_team,A,LL,,,499,,,,3,5,5,stay_wait,2,6,5,4
scenarios_narc_halfY,Y,3,3,15,16,,1,74,23,7,clear,26,running,C,LH,,,500,,,,3,6,5,stay_wait,2,6,5,4
scenarios_narc_halfY,Y,3,3,15,16,,1,74,23,7,clear,27,q_class,B,HH,,,501,,,,2,6,5,leave,2,5,5,4
scenarios_narc_halfY,Y,3,3,15,16,,1,74,23,7,clear,28,residents,C,LL,,,500,,,,2,5,5,leave,2,6,6,4
scenarios_narc_halfY,Y,3,3,15,16,,1,74,23,7,clear,29,sports,C,HH,,,499,,,,2,6,5,leave,2,6,5,4
scenarios_narc_halfY,Y,3,3,15,16,,1,74,23,7,clear,30,choir,B,LL,,,499,,,,3,6,5,leave,2,5,6,5
scenarios_narc_halfY,Y,3,3,15,16,,1,74,23,7,clear,31,volunteer,B,HL,,,501,,,,2,6,5,stay_persist,2,7,5,4
scenarios_narc_halfY,Y,3,3,15,16,,1,74,23,7,clear,32,q_promotion,A,HL,,,499,,,,2,6,5,stay_persist,2,6,5,4
scenarios_sa_halfX,X,3,52,2,73,,19,74,63,54,amb,1,ten_friends,D,,A,low,502,5,4,2,6,2,3,stay_wait,,,,
scenarios_sa_halfX,X,3,52,2,73,,19,74,63,54,amb,2,q_yearend,A,,B,low,498,6,4,2,6,2,2,stay_persist,,,,
scenarios_sa_halfX,X,3,52,2,73,,19,74,63,54,amb,3,work_team,A,,B,high,499,6,4,2,6,3,3,leave,,,,
scenarios_sa_halfX,X,3,52,2,73,,19,74,63,54,amb,4,running,C,,A,high,500,5,4,2,5,3,3,stay_persist,,,,
scenarios_sa_halfX,X,3,52,2,73,,19,74,63,54,amb,5,new_office,A,,B,low,500,6,4,2,6,2,2,stay_persist,,,,
scenarios_sa_halfX,X,3,52,2,73,,19,74,63,54,amb,6,q_birthday,D,,A,low,499,6,4,3,6,3,2,leave,,,,
scenarios_sa_halfX,X,3,52,2,73,,19,74,63,54,amb,7,choir,B,,B,low,501,6,4,2,5,3,3,stay_wait,,,,
scenarios_sa_halfX,X,3,52,2,73,,19,74,63,54,amb,8,island,D,,A,high,500,5,5,2,6,3,2,stay_persist,,,,
scenarios_sa_halfX,X,3,52,2,73,,19,74,63,54,amb,9,q_promotion,A,,B,high,500,6,4,2,6,3,2,stay_persist,,,,
scenarios_sa_halfX,X,3,52,2,73,,19,74,63,54,amb,10,sports,C,,A,high,553,6,4,2,6,2,2,stay_wait,,,,
scenarios_sa_halfX,X,3,52,2,73,,19,74,63,54,amb,11,seminar,B,,B,high,500,6,4,2,6,3,3,stay_persist,,,,
scenarios_sa_halfX,X,3,52,2,73,,19,74,63,54,amb,12,residents,C,,A,low,500,6,4,3,5,3,2,stay_persist,,,,
scenarios_sa_halfX,X,3,52,2,73,,19,74,63,54,amb,13,cooking,C,,A,low,501,6,4,2,6,3,3,stay_persist,,,,
scenarios_sa_halfX,X,3,52,2,73,,19,74,63,54,amb,14,volunteer,B,,B,low,500,6,4,3,6,3,3,stay_persist,,,,
scenarios_sa_halfX,X,3,52,2,73,,19,74,63,54,amb,15,q_dinner,D,,A,high,500,6,4,2,6,3,3,stay_persist,,,,
scenarios_sa_halfX,X,3,52,2,73,,19,74,63,54,amb,16,q_class,B,,B,high,499,6,4,2,6,3,3,stay_persist,,,,
scenarios_sa_halfX,X,3,52,2,73,,19,74,63,54,clear,17,island,D,LL,,,500,,,,6,3,3,leave,5,3,1,3
scenarios_sa_halfX,X,3,52,2,73,,19,74,63,54,clear,18,q_birthday,D,LH,,,500,,,,6,2,3,stay_wait,6,2,2,2
scenarios_sa_halfX,X,3,52,2,73,,19,74,63,54,clear,19,sports,C,HH,,,500,,,,6,3,2,stay_persist,6,3,3,3
scenarios_sa_halfX,X,3,52,2,73,,19,74,63,54,clear,20,work_team,A,LL,,,500,,,,6,3,2,stay_wait,5,2,2,3
scenarios_sa_halfX,X,3,52,2,73,,19,74,63,54,clear,21,new_office,A,LH,,,500,,,,6,3,2,stay_persist,6,2,2,3
scenarios_sa_halfX,X,3,52,2,73,,19,74,63,54,clear,22,running,C,LH,,,499,,,,6,3,3,leave,5,3,2,2
scenarios_sa_halfX,X,3,52,2,73,,19,74,63,54,clear,23,q_dinner,D,HL,,,501,,,,6,2,3,leave,6,2,2,2
scenarios_sa_halfX,X,3,52,2,73,,19,74,63,54,clear,24,q_class,B,HH,,,500,,,,6,2,2,stay_wait,6,3,2,3
scenarios_sa_halfX,X,3,52,2,73,,19,74,63,54,clear,25,choir,B,LL,,,500,,,,5,2,3,stay_wait,6,2,2,2
scenarios_sa_halfX,X,3,52,2,73,,19,74,63,54,clear,26,q_yearend,A,HH,,,500,,,,6,3,3,stay_wait,6,3,2,3
scenarios_sa_halfX,X,3,52,2,73,,19,74,63,54,clear,27,cooking,C,HL,,,500,,,,6,3,2,stay_wait,5,3,2,3
scenarios_sa_halfX,X,3,52,2,73,,19,74,63,54,clear,28,ten_friends,D,HH,,,500,,,,5,3,3,stay_persist,6,3,1,2
scenarios_sa_halfX,X,3,52,2,73,,19,74,63,54,clear,29,q_promotion,A,HL,,,498,,,,5,3,2,stay_wait,5,3,2,3
scenarios_sa_halfX,X,3,52,2,73,,19,74,63,54,clear,30,seminar,B,LH,,,500,,,,6,3,3,leave,5,2,1,3
scenarios_sa_halfX,X,3,52,2,73,,19,74,63,54,clear,31,residents,C,LL,,,501,,,,6,3,2,stay_persist,5,3,2,3
scenarios_sa_halfX,X,3,52,2,73,,19,74,63,54,clear,32,volunteer,B,HL,,,500,,,,6,2,3,stay_persist,5,3,2,3
scenarios_sa_halfY,Y,3,51,4,74,,18,79,60,56,amb,1,new_office,A,,B,low,500,6,4,2,6,2,2,leave,,,,
scenarios_sa_halfY,Y,3,51,4,74,,18,79,60,56,amb,2,work_team,A,,B,high,499,6,4,2,6,2,3,leave,,,,
scenarios_sa_halfY,Y,3,51,4,74,,18,79,60,56,amb,3,choir,B,,B,low,500,6,4,2,6,3,3,leave,,,,
scenarios_sa_halfY,Y,3,51,4,74,,18,79,60,56,amb,4,sports,C,,A,high,500,5,4,3,6,3,2,stay_wait,,,,
scenarios_sa_halfY,Y,3,51,4,74,,18,79,60,56,amb,5,q_class,B,,B,high,499,6,4,3,6,3,3,stay_wait,,,,
scenarios_sa_halfY,Y,3,51,4,74,,18,79,60,56,amb,6,cooking,C,,A,low,501,5,4,2,5,2,3,stay_wait,,,,
scenarios_sa_halfY,Y,3,51,4,74,,18,79,60,56,amb,7,running,C,,A,high,500,5,4,2,5,3,3,leave,,,,
scenarios_sa_halfY,Y,3,51,4,74,,18,79,60,56,amb,8,q_promotion,A,,B,high,501,6,4,3,6,3,2,stay_wait,,,,
scenarios_sa_halfY,Y,3,51,4,74,,18,79,60,56,amb,9,seminar,B,,B,high,499,6,4,2,6,2,3,leave,,,,
scenarios_sa_halfY,Y,3,51,4,74,,18,79,60,56,amb,10,q_dinner,D,,A,high,554,5,3,3,6,3,2,leave,,,,
scenarios_sa_halfY,Y,3,51,4,74,,18,79,60,56,amb,11,island,D,,A,high,501,5,4,2,6,3,3,stay_persist,,,,
scenarios_sa_halfY,Y,3,51,4,74,,18,79,60,56,amb,12,q_birthday,D,,A,low,500,5,4,2,6,2,3,leave,,,,
scenarios_sa_halfY,Y,3,51,4,74,,18,79,60,56,amb,13,volunteer,B,,B,low,499,6,4,3,6,3,3,leave,,,,
scenarios_sa_halfY,Y,3,51,4,74,,18,79,60,56,amb,14,ten_friends,D,,A,low,500,6,3,2,6,3,3,stay_wait,,,,
scenarios_sa_halfY,Y,3,51,4,74,,18,79,60,56,amb,15,q_yearend,A,,B,low,501,6,4,2,6,3,3,stay_persist,,,,
scenarios_sa_halfY,Y,3,51,4,74,,18,79,60,56,amb,16,residents,C,,A,low,499,5,4,2,6,2,3,leave,,,,
scenarios_sa_halfY,Y,3,51,4,74,,18,79,60,56,clear,17,volunteer,B,HL,,,500,,,,5,2,3,stay_persist,6,3,1,2
scenarios_sa_halfY,Y,3,51,4,74,,18,79,60,56,clear,18,q_dinner,D,HL,,,501,,,,6,3,3,leave,5,3,2,3
scenarios_sa_halfY,Y,3,51,4,74,,18,79,60,56,clear,19,seminar,B,LH,,,499,,,,5,3,3,stay_persist,6,3,2,3
scenarios_sa_halfY,Y,3,51,4,74,,18,79,60,56,clear,20,new_office,A,LH,,,500,,,,5,3,3,stay_wait,6,3,2,3
scenarios_sa_halfY,Y,3,51,4,74,,18,79,60,56,clear,21,island,D,LL,,,501,,,,6,3,3,leave,6,3,1,3
scenarios_sa_halfY,Y,3,51,4,74,,18,79,60,56,clear,22,cooking,C,HL,,,500,,,,5,3,2,stay_wait,6,3,2,3
scenarios_sa_halfY,Y,3,51,4,74,,18,79,60,56,clear,23,q_class,B,HH,,,499,,,,6,3,3,leave,5,3,2,2
scenarios_sa_halfY,Y,3,51,4,74,,18,79,60,56,clear,24,running,C,LH,,,501,,,,5,3,3,stay_persist,6,2,2,3
scenarios_sa_halfY,Y,3,51,4,74,,18,79,60,56,clear,25,work_team,A,LL,,,500,,,,6,2,3,leave,6,3,2,3
scenarios_sa_halfY,Y,3,51,4,74,,18,79,60,56,clear,26,ten_friends,D,HH,,,500,,,,6,3,2,stay_persist,5,3,1,3
scenarios_sa_halfY,Y,3,51,4,74,,18,79,60,56,clear,27,choir,B,LL,,,499,,,,5,2,2,stay_wait,6,3,2,3
scenarios_sa_halfY,Y,3,51,4,74,,18,79,60,56,clear,28,q_birthday,D,LH,,,501,,,,6,2,3,stay_persist,6,3,2,2
scenarios_sa_halfY,Y,3,51,4,74,,18,79,60,56,clear,29,residents,C,LL,,,499,,,,5,3,2,leave,5,3,2,2
scenarios_sa_halfY,Y,3,51,4,74,,18,79,60,56,clear,30,q_yearend,A,HH,,,500,,,,6,3,3,stay_persist,6,2,2,3
scenarios_sa_halfY,Y,3,51,4,74,,18,79,60,56,clear,31,q_promotion,A,HL,,,500,,,,5,3,2,leave,6,3,2,3
scenarios_sa_halfY,Y,3,51,4,74,,18,79,60,56,clear,32,sports,C,HH,,,500,,,,6,3,3,stay_persist,5,3,2,3
