run,persona,type,setting,variant,level,version,cog_neg,cog_neu,cog_pos,stress,valued,wanted,stay,submit,status_up,belittle,approach,ms
scenarios_dep_halfX,dep,amb,running,B,high,,5,4,2,5,3,2,leave,,,,,501
scenarios_dep_halfX,dep,amb,cooking,B,low,,6,5,3,5,2,2,leave,,,,,499
scenarios_dep_halfX,dep,amb,choir,A,low,,5,5,2,5,3,3,leave,,,,,501
scenarios_dep_halfX,dep,amb,ten_friends,B,low,,5,4,3,5,3,3,leave,,,,,499
scenarios_dep_halfX,dep,amb,residents,B,low,,6,4,2,5,3,2,leave,,,,,500
scenarios_dep_halfX,dep,amb,seminar,A,high,,5,4,2,6,3,3,leave,,,,,500
scenarios_dep_halfX,dep,amb,q_dinner,B,high,,5,4,3,5,3,3,stay_wait,,,,,499
scenarios_dep_halfX,dep,amb,sports,B,high,,6,4,2,5,3,3,leave,,,,,500
scenarios_dep_halfX,dep,amb,new_office,A,low,,5,4,2,5,2,2,stay_wait,,,,,500
scenarios_dep_halfX,dep,amb,q_class,A,high,,6,4,2,5,3,3,leave,,,,,500
scenarios_dep_halfX,dep,amb,q_yearend,A,low,,5,4,2,5,3,3,leave,,,,,498
scenarios_dep_halfX,dep,amb,q_birthday,B,low,,6,5,3,5,2,3,stay_wait,,,,,502
scenarios_dep_halfX,dep,amb,island,B,high,,6,4,2,5,3,3,stay_wait,,,,,500
scenarios_dep_halfX,dep,amb,q_promotion,A,high,,5,4,2,5,3,3,stay_wait,,,,,500
scenarios_dep_halfX,dep,amb,work_team,A,high,,5,4,3,5,3,3,leave,,,,,500
scenarios_dep_halfX,dep,amb,volunteer,A,low,,6,4,2,6,3,3,leave,,,,,500
scenarios_dep_halfX,dep,clear,running,,,LL,,,,6,3,3,leave,5,2,2,3,499
scenarios_dep_halfX,dep,clear,seminar,,,LL,,,,5,3,3,stay_wait,5,2,2,2,500
scenarios_dep_halfX,dep,clear,q_promotion,,,LH,,,,5,2,2,stay_wait,4,2,3,2,501
scenarios_dep_halfX,dep,clear,q_yearend,,,HL,,,,6,3,3,leave,5,3,2,3,500
scenarios_dep_halfX,dep,clear,q_dinner,,,LH,,,,5,3,3,stay_wait,5,3,2,3,500
scenarios_dep_halfX,dep,clear,island,,,HH,,,,6,3,3,stay_wait,5,2,2,2,500
scenarios_dep_halfX,dep,clear,q_birthday,,,LL,,,,5,3,2,leave,4,2,2,2,499
scenarios_dep_halfX,dep,clear,choir,,,HH,,,,6,2,3,leave,4,2,3,2,500
scenarios_dep_halfX,dep,clear,sports,,,HL,,,,5,3,3,stay_wait,5,2,2,3,501
scenarios_dep_halfX,dep,clear,new_office,,,LL,,,,6,2,3,stay_wait,4,2,2,3,500
scenarios_dep_halfX,dep,clear,cooking,,,LH,,,,5,3,2,leave,4,2,2,2,499
scenarios_dep_halfX,dep,clear,work_team,,,HH,,,,6,3,3,stay_wait,5,2,2,2,501
scenarios_dep_halfX,dep,clear,volunteer,,,LH,,,,5,2,3,leave,5,3,2,2,499
scenarios_dep_halfX,dep,clear,q_class,,,HL,,,,5,3,3,stay_wait,5,2,2,3,500
scenarios_dep_halfX,dep,clear,residents,,,HH,,,,6,3,3,leave,4,2,2,2,499
scenarios_dep_halfX,dep,clear,ten_friends,,,HL,,,,5,3,2,stay_wait,5,2,2,2,498
scenarios_dep_halfY,dep,amb,q_promotion,B,high,,6,4,2,5,3,3,leave,,,,,499
scenarios_dep_halfY,dep,amb,work_team,B,high,,6,4,2,5,3,3,leave,,,,,501
scenarios_dep_halfY,dep,amb,q_dinner,A,high,,6,4,2,6,2,3,stay_wait,,,,,498
scenarios_dep_halfY,dep,amb,running,A,high,,5,4,2,5,3,3,stay_wait,,,,,501
scenarios_dep_halfY,dep,amb,q_class,B,high,,6,3,2,6,3,2,leave,,,,,501
scenarios_dep_halfY,dep,amb,ten_friends,A,low,,6,4,3,6,3,2,stay_wait,,,,,500
scenarios_dep_halfY,dep,amb,island,A,high,,5,4,2,5,2,3,stay_wait,,,,,499
scenarios_dep_halfY,dep,amb,residents,A,low,,6,4,2,5,3,3,stay_wait,,,,,501
scenarios_dep_halfY,dep,amb,volunteer,B,low,,6,4,2,6,3,3,leave,,,,,499
scenarios_dep_halfY,dep,amb,cooking,A,low,,6,4,3,6,3,2,stay_wait,,,,,500
scenarios_dep_halfY,dep,amb,seminar,B,high,,6,4,3,5,3,3,leave,,,,,500
scenarios_dep_halfY,dep,amb,q_birthday,A,low,,6,4,2,5,2,2,leave,,,,,500
scenarios_dep_halfY,dep,amb,sports,A,high,,6,4,2,6,2,3,stay_wait,,,,,498
scenarios_dep_halfY,dep,amb,new_office,B,low,,5,3,2,5,3,2,leave,,,,,501
scenarios_dep_halfY,dep,amb,choir,B,low,,5,4,3,5,2,2,stay_wait,,,,,500
scenarios_dep_halfY,dep,amb,q_yearend,B,low,,6,3,2,5,2,3,stay_wait,,,,,500
scenarios_dep_halfY,dep,clear,island,,,HL,,,,5,3,3,stay_wait,5,2,2,3,499
scenarios_dep_halfY,dep,clear,cooking,,,LL,,,,5,3,3,leave,4,2,2,2,500
scenarios_dep_halfY,dep,clear,running,,,HH,,,,5,3,2,leave,5,2,2,3,501
scenarios_dep_halfY,dep,clear,volunteer,,,LL,,,,5,2,3,leave,4,2,2,3,499
scenarios_dep_halfY,dep,clear,sports,,,LH,,,,5,3,3,leave,4,2,2,3,499
scenarios_dep_halfY,dep,clear,q_promotion,,,LL,,,,5,2,3,leave,5,2,2,2,502
scenarios_dep_halfY,dep,clear,choir,,,HL,,,,5,3,3,stay_wait,5,2,3,3,500
scenarios_dep_halfY,dep,clear,q_class,,,LH,,,,5,3,2,stay_wait,5,3,3,2,499
scenarios_dep_halfY,dep,clear,new_office,,,HH,,,,5,3,3,stay_wait,5,2,2,2,499
scenarios_dep_halfY,dep,clear,q_yearend,,,LH,,,,6,3,3,leave,5,2,2,3,500
scenarios_dep_halfY,dep,clear,q_dinner,,,LL,,,,5,2,2,leave,4,3,2,3,502
scenarios_dep_halfY,dep,clear,residents,,,HL,,,,6,3,3,stay_wait,4,3,2,2,499
scenarios_dep_halfY,dep,clear,q_birthday,,,HH,,,,6,3,3,stay_wait,4,3,2,2,500
scenarios_dep_halfY,dep,clear,seminar,,,HH,,,,5,3,3,leave,5,2,2,3,501
scenarios_dep_halfY,dep,clear,work_team,,,HL,,,,5,2,2,stay_wait,4,2,2,2,500
scenarios_dep_halfY,dep,clear,ten_friends,,,LH,,,,5,3,3,leave,5,2,2,2,500
scenarios_narc_halfX,narc,amb,island,A,low,,2,4,6,2,6,5,stay_persist,,,,,501
scenarios_narc_halfX,narc,amb,q_birthday,A,high,,3,4,6,3,6,5,leave,,,,,501
scenarios_narc_halfX,narc,amb,choir,B,high,,3,4,5,2,6,5,stay_persist,,,,,500
scenarios_narc_halfX,narc,amb,cooking,A,high,,2,4,6,3,6,5,stay_persist,,,,,498
scenarios_narc_halfX,narc,amb,new_office,B,high,,3,4,6,2,6,6,stay_persist,,,,,500
scenarios_narc_halfX,narc,amb,work_team,B,low,,3,4,5,2,6,5,leave,,,,,501
scenarios_narc_halfX,narc,amb,sports,A,low,,2,3,6,2,6,6,leave,,,,,501
scenarios_narc_halfX,narc,amb,q_class,B,low,,2,4,5,2,6,5,stay_persist,,,,,500
scenarios_narc_halfX,narc,amb,running,A,low,,3,4,5,2,5,5,stay_persist,,,,,500
scenarios_narc_halfX,narc,amb,q_promotion,B,low,,3,4,6,2,5,5,stay_persist,,,,,499
scenarios_narc_halfX,narc,amb,ten_friends,A,high,,3,4,5,2,5,5,stay_persist,,,,,500
scenarios_narc_halfX,narc,amb,q_dinner,A,low,,3,4,6,2,6,5,leave,,,,,500
scenarios_narc_halfX,narc,amb,seminar,B,low,,3,4,6,3,6,5,leave,,,,,498
scenarios_narc_halfX,narc,amb,q_yearend,B,high,,3,4,5,2,6,5,leave,,,,,501
scenarios_narc_halfX,narc,amb,residents,A,high,,2,5,6,2,6,5,leave,,,,,499
scenarios_narc_halfX,narc,amb,volunteer,B,high,,2,4,6,3,5,6,stay_persist,,,,,501
scenarios_narc_halfX,narc,clear,q_yearend,,,LH,,,,3,6,5,stay_persist,2,6,5,5,499
scenarios_narc_halfX,narc,clear,residents,,,HL,,,,2,6,6,leave,1,6,5,5,502
scenarios_narc_halfX,narc,clear,volunteer,,,LL,,,,2,6,5,stay_persist,2,6,5,5,500
scenarios_narc_halfX,narc,clear,island,,,HL,,,,2,6,5,stay_persist,2,6,5,4,499
scenarios_narc_halfX,narc,clear,q_promotion,,,LL,,,,3,6,6,stay_persist,3,6,5,4,499
scenarios_narc_halfX,narc,clear,choir,,,HL,,,,3,5,6,leave,2,6,5,5,502
scenarios_narc_halfX,narc,clear,work_team,,,HL,,,,2,6,5,leave,2,6,6,4,499
scenarios_narc_halfX,narc,clear,seminar,,,HH,,,,2,6,5,stay_persist,2,5,6,4,501
scenarios_narc_halfX,narc,clear,ten_friends,,,LH,,,,3,6,5,leave,1,6,5,4,499
scenarios_narc_halfX,narc,clear,q_class,,,LH,,,,2,6,5,stay_persist,2,6,6,4,499
scenarios_narc_halfX,narc,clear,running,,,HH,,,,3,6,5,leave,2,7,5,4,500
scenarios_narc_halfX,narc,clear,new_office,,,HH,,,,3,6,6,leave,2,6,5,4,499
scenarios_narc_halfX,narc,clear,q_birthday,,,HH,,,,3,6,5,stay_persist,3,6,5,5,501
scenarios_narc_halfX,narc,clear,sports,,,LH,,,,2,5,5,leave,3,6,6,4,500
scenarios_narc_halfX,narc,clear,cooking,,,LL,,,,2,6,5,stay_persist,1,5,6,5,500
scenarios_narc_halfX,narc,clear,q_dinner,,,LL,,,,3,6,5,stay_persist,2,6,5,5,500
scenarios_narc_halfY,narc,amb,q_promotion,B,high,,3,4,5,3,5,5,stay_persist,,,,,498
scenarios_narc_halfY,narc,amb,seminar,B,high,,2,4,5,3,5,5,stay_persist,,,,,499
scenarios_narc_halfY,narc,amb,cooking,A,low,,2,4,6,2,6,5,stay_persist,,,,,502
scenarios_narc_halfY,narc,amb,q_yearend,B,low,,3,3,6,2,6,6,stay_persist,,,,,500
scenarios_narc_halfY,narc,amb,q_dinner,A,high,,3,5,6,2,6,6,stay_persist,,,,,499
scenarios_narc_halfY,narc,amb,q_class,B,high,,2,4,6,2,6,5,leave,,,,,501
scenarios_narc_halfY,narc,amb,sports,A,high,,2,4,5,2,6,5,leave,,,,,500
scenarios_narc_halfY,narc,amb,work_team,B,high,,3,4,6,3,5,5,stay_persist,,,,,499
scenarios_narc_halfY,narc,amb,running,A,high,,3,4,5,3,5,5,stay_persist,,,,,501
scenarios_narc_halfY,narc,amb,volunteer,B,low,,3,5,6,2,6,5,stay_persist,,,,,500
scenarios_narc_halfY,narc,amb,q_birthday,A,low,,2,5,6,3,5,6,stay_persist,,,,,500
scenarios_narc_halfY,narc,amb,choir,B,low,,2,4,5,3,6,5,leave,,,,,500
scenarios_narc_halfY,narc,amb,new_office,B,low,,2,4,5,3,6,5,stay_persist,,,,,499
scenarios_narc_halfY,narc,amb,ten_friends,A,low,,3,4,5,2,6,6,stay_persist,,,,,498
scenarios_narc_halfY,narc,amb,island,A,high,,3,4,6,2,6,5,leave,,,,,502
scenarios_narc_halfY,narc,amb,residents,A,low,,2,5,5,2,6,6,stay_persist,,,,,501
scenarios_narc_halfY,narc,clear,q_promotion,,,LH,,,,2,5,5,leave,1,6,6,5,500
scenarios_narc_halfY,narc,clear,island,,,HH,,,,3,6,6,leave,2,6,5,4,500
scenarios_narc_halfY,narc,clear,sports,,,HL,,,,2,5,5,stay_persist,2,6,5,4,499
scenarios_narc_halfY,narc,clear,cooking,,,LH,,,,3,5,5,leave,2,6,5,4,501
scenarios_narc_halfY,narc,clear,volunteer,,,LH,,,,3,6,6,stay_persist,1,6,5,4,499
scenarios_narc_halfY,narc,clear,work_team,,,HH,,,,2,6,5,stay_persist,2,6,5,4,501
scenarios_narc_halfY,narc,clear,running,,,LL,,,,2,5,6,stay_persist,2,6,5,4,499
scenarios_narc_halfY,narc,clear,q_dinner,,,LH,,,,2,6,5,leave,2,7,5,4,501
scenarios_narc_halfY,narc,clear,residents,,,HH,,,,2,5,5,stay_persist,2,6,5,5,500
scenarios_narc_halfY,narc,clear,ten_friends,,,HL,,,,3,6,5,stay_persist,2,6,5,5,500
scenarios_narc_halfY,narc,clear,q_class,,,HL,,,,2,6,5,stay_persist,1,6,5,4,499
scenarios_narc_halfY,narc,clear,seminar,,,LL,,,,2,5,5,leave,1,6,6,5,501
scenarios_narc_halfY,narc,clear,q_yearend,,,HL,,,,3,6,5,leave,2,6,5,4,499
scenarios_narc_halfY,narc,clear,choir,,,HH,,,,2,5,5,stay_persist,2,6,5,4,500
scenarios_narc_halfY,narc,clear,q_birthday,,,LL,,,,2,6,5,leave,2,6,5,4,500
scenarios_narc_halfY,narc,clear,new_office,,,LL,,,,3,6,5,leave,2,6,6,4,500
scenarios_sa_halfX,sa,amb,work_team,B,high,,5,4,3,6,2,3,leave,,,,,500
scenarios_sa_halfX,sa,amb,running,A,high,,5,4,2,5,2,3,stay_wait,,,,,501
scenarios_sa_halfX,sa,amb,new_office,B,low,,6,4,2,6,2,3,leave,,,,,497
scenarios_sa_halfX,sa,amb,sports,A,high,,6,4,2,5,2,3,leave,,,,,502
scenarios_sa_halfX,sa,amb,seminar,B,high,,5,4,2,6,3,3,stay_wait,,,,,500
scenarios_sa_halfX,sa,amb,ten_friends,A,low,,6,5,2,6,3,3,stay_wait,,,,,500
scenarios_sa_halfX,sa,amb,q_dinner,A,high,,6,5,3,6,3,2,stay_wait,,,,,500
scenarios_sa_halfX,sa,amb,residents,A,low,,6,5,3,6,3,3,leave,,,,,499
scenarios_sa_halfX,sa,amb,q_birthday,A,low,,6,4,2,6,3,2,leave,,,,,499
scenarios_sa_halfX,sa,amb,choir,B,low,,6,4,3,6,2,3,leave,,,,,499
scenarios_sa_halfX,sa,amb,q_promotion,B,high,,6,4,3,6,3,3,stay_wait,,,,,498
scenarios_sa_halfX,sa,amb,island,A,high,,5,4,2,6,3,3,leave,,,,,502
scenarios_sa_halfX,sa,amb,q_yearend,B,low,,6,4,3,6,3,3,leave,,,,,500
scenarios_sa_halfX,sa,amb,q_class,B,high,,6,3,3,6,3,2,leave,,,,,499
scenarios_sa_halfX,sa,amb,volunteer,B,low,,6,4,2,6,3,3,stay_wait,,,,,500
scenarios_sa_halfX,sa,amb,cooking,A,low,,6,4,2,6,3,3,stay_wait,,,,,500
scenarios_sa_halfX,sa,clear,island,,,HH,,,,6,3,3,leave,6,3,2,3,500
scenarios_sa_halfX,sa,clear,ten_friends,,,HL,,,,6,2,3,stay_wait,6,3,1,2,499
scenarios_sa_halfX,sa,clear,sports,,,HL,,,,6,3,3,stay_wait,6,3,2,2,501
scenarios_sa_halfX,sa,clear,residents,,,HH,,,,6,2,3,leave,6,2,2,3,500
scenarios_sa_halfX,sa,clear,running,,,LL,,,,6,3,3,stay_wait,5,3,1,3,500
scenarios_sa_halfX,sa,clear,new_office,,,LL,,,,6,2,3,stay_wait,5,3,1,3,499
scenarios_sa_halfX,sa,clear,q_class,,,HL,,,,5,3,3,leave,6,3,1,3,498
scenarios_sa_halfX,sa,clear,cooking,,,LH,,,,6,2,3,leave,6,3,3,2,502
scenarios_sa_halfX,sa,clear,seminar,,,LL,,,,5,3,3,stay_wait,6,3,1,2,500
scenarios_sa_halfX,sa,clear,work_team,,,HH,,,,5,3,2,leave,6,3,2,3,500
scenarios_sa_halfX,sa,clear,q_yearend,,,HL,,,,6,3,3,stay_wait,5,3,2,3,498
scenarios_sa_halfX,sa,clear,q_dinner,,,LH,,,,5,3,3,stay_wait,5,2,2,3,500
scenarios_sa_halfX,sa,clear,volunteer,,,LH,,,,6,3,2,stay_wait,5,3,2,2,500
scenarios_sa_halfX,sa,clear,q_birthday,,,LL,,,,6,3,3,stay_wait,6,3,2,3,499
scenarios_sa_halfX,sa,clear,choir,,,HH,,,,6,3,3,stay_wait,5,2,2,3,500
scenarios_sa_halfX,sa,clear,q_promotion,,,LH,,,,5,2,3,leave,6,3,2,3,501
scenarios_sa_halfY,sa,amb,island,A,high,,5,3,3,6,3,3,leave,,,,,500
scenarios_sa_halfY,sa,amb,volunteer,B,low,,6,4,2,6,3,3,leave,,,,,499
scenarios_sa_halfY,sa,amb,choir,B,low,,6,4,3,6,3,2,leave,,,,,498
scenarios_sa_halfY,sa,amb,cooking,A,low,,5,4,2,5,3,2,leave,,,,,502
scenarios_sa_halfY,sa,amb,seminar,B,high,,6,4,2,6,3,3,stay_wait,,,,,500
scenarios_sa_halfY,sa,amb,q_birthday,A,low,,5,4,2,6,3,2,stay_wait,,,,,500
scenarios_sa_halfY,sa,amb,residents,A,low,,6,4,2,6,3,3,leave,,,,,499
scenarios_sa_halfY,sa,amb,work_team,B,high,,6,4,2,6,2,2,stay_wait,,,,,501
scenarios_sa_halfY,sa,amb,q_dinner,A,high,,6,4,2,6,3,3,stay_wait,,,,,500
scenarios_sa_halfY,sa,amb,sports,A,high,,6,5,2,6,3,3,leave,,,,,499
scenarios_sa_halfY,sa,amb,running,A,high,,6,4,2,6,2,3,stay_wait,,,,,500
scenarios_sa_halfY,sa,amb,ten_friends,A,low,,6,3,2,6,2,3,leave,,,,,500
scenarios_sa_halfY,sa,amb,q_yearend,B,low,,5,5,2,6,3,3,stay_wait,,,,,499
scenarios_sa_halfY,sa,amb,new_office,B,low,,6,4,2,5,3,2,leave,,,,,500
scenarios_sa_halfY,sa,amb,q_promotion,B,high,,5,4,3,6,2,3,stay_wait,,,,,500
scenarios_sa_halfY,sa,amb,q_class,B,high,,6,4,2,6,3,3,stay_wait,,,,,501
scenarios_sa_halfY,sa,clear,q_class,,,LL,,,,6,2,3,leave,6,3,2,2,499
scenarios_sa_halfY,sa,clear,work_team,,,LH,,,,6,3,2,stay_wait,5,3,2,3,500
scenarios_sa_halfY,sa,clear,choir,,,LH,,,,5,3,3,leave,5,2,2,2,499
scenarios_sa_halfY,sa,clear,q_promotion,,,HH,,,,6,3,3,stay_wait,5,2,2,2,501
scenarios_sa_halfY,sa,clear,new_office,,,HL,,,,6,3,3,stay_wait,5,3,2,3,500
scenarios_sa_halfY,sa,clear,island,,,LH,,,,6,3,3,stay_wait,6,3,2,2,499
scenarios_sa_halfY,sa,clear,q_dinner,,,HH,,,,5,3,2,stay_wait,6,3,2,2,500
scenarios_sa_halfY,sa,clear,sports,,,LL,,,,6,3,3,leave,5,3,2,3,500
scenarios_sa_halfY,sa,clear,residents,,,LH,,,,5,3,3,leave,6,3,1,2,500
scenarios_sa_halfY,sa,clear,volunteer,,,HH,,,,6,3,3,stay_wait,5,3,2,3,501
scenarios_sa_halfY,sa,clear,q_yearend,,,LL,,,,6,3,3,stay_wait,5,3,2,3,499
scenarios_sa_halfY,sa,clear,seminar,,,HL,,,,6,3,3,stay_wait,5,3,1,2,500
scenarios_sa_halfY,sa,clear,q_birthday,,,HL,,,,6,3,3,leave,5,3,1,2,500
scenarios_sa_halfY,sa,clear,ten_friends,,,LL,,,,6,3,3,stay_wait,6,3,2,2,501
scenarios_sa_halfY,sa,clear,cooking,,,HH,,,,5,3,3,stay_wait,5,2,1,3,499
scenarios_sa_halfY,sa,clear,running,,,HL,,,,6,2,3,stay_wait,6,2,2,3,499
